Form	200	"FORM — Move better"	https://nweinberg97.github.io/Form/	
Drift	404	"Site not found · GitHub Pages"	https://nweinberg97.github.io/Drift/	
Base	200	"Base: a better base for cooking"	https://nweinberg97.github.io/Base/	
VanRadar	200	"VanRadar"	https://nweinberg97.github.io/VanRadar/	
Pace	200	"Pace | A sunset paddle community for founders"	https://nweinberg97.github.io/Pace/	
Search-for-the-Good	200	"Search for the Good"	https://nweinberg97.github.io/Search-for-the-Good/	
Kitside	200	"Kitside · Good people, right nearby"	https://nweinberg97.github.io/Kitside/	
Circles	200	"Circles · Build community through shared goals"	https://nweinberg97.github.io/Circles/	
memo	200	"Memo"	https://nweinberg97.github.io/memo/	
CoursePack	200	"CoursePack"	https://nweinberg97.github.io/CoursePack/	
Sogo	200	"Sogo — Bet on yourself"	https://nweinberg97.github.io/Sogo/	
Tender	200	"Tender · Date someone with taste"	https://nweinberg97.github.io/Tender/	
Chicken-Little	200	"Chicken Little"	https://nweinberg97.github.io/Chicken-Little/	
sedi	200	"Sedi"	https://nweinberg97.github.io/sedi/	
Magic-Paste	200	"Magic Paste: paste exactly what you need"	https://nweinberg97.github.io/Magic-Paste/	
Bucketlist	200	"Bucketlist"	https://nweinberg97.github.io/Bucketlist/	
NomNoms	200	"NomNoms"	https://nweinberg97.github.io/NomNoms/	
JumpIn	200	"JumpIn — meet people building a better world"	https://nweinberg97.github.io/JumpIn/	
Collab	200	"Collab"	https://nweinberg97.github.io/Collab/	
Chaotic-Mischief	200	"Chaotic Mischief — Make boring nights memorable"	https://nweinberg97.github.io/Chaotic-Mischief/	
LifeOS8.0	200	"LifeOS"	https://nweinberg97.github.io/LifeOS8.0/	
LifeOS6.0	200	"LifeOS"	https://nweinberg97.github.io/LifeOS6.0/	
taskly	200	"Taskly"	https://nweinberg97.github.io/taskly/	
Boardly	200	"Boardly"	https://nweinberg97.github.io/Boardly/	
Timely	200	"Timely"	https://nweinberg97.github.io/Timely/	
Brainly	200	"Brainly"	https://nweinberg97.github.io/Brainly/	
